Table 69,,,,,,,,,,,,,,,,,,,,,,,,,,,,,,,,,,
Arrests ,,,,,,,,,,,,,,,,,,,,,,,,,,,,,,,,,,
"by State, 2021", , ,,,,,,,,,,,,,,,,,,,,,,,,,,,,,,,,
State,,"Total
all 
classes1","Violent
crime2","Property
crime2","Murder and
nonnegligent
manslaughter",Rape,Robbery,"Aggravated
assault",Burglary,"Larceny-
theft","Motor
vehicle
theft",Arson,"Other
assaults","Forgery and
counterfeiting",Fraud,Embezzlement,"Stolen
property;
buying,
receiving,
possessing",Vandalism,"Weapons;
carrying,
possessing,
etc.","Prostitution and
commercialized
vice","Sex offenses
(except
rape and
prostitution)","Drug 
abuse
violations",Gambling,"Offenses
against
the family
and
children","Driving
under the
influence","Liquor
laws",Drunkenness3,"Disorderly
conduct",Vagrancy,"All other
offenses
(except
traffic)",Suspicion4,"Curfew
and
loitering
law
violations","Number
of
agencies","2021
estimated 
population"
ALABAMA,Under 18,990,89,173,3,4,40,42,54,79,39,1,179,1,9,0,41,44,54,0,2,137,0,2,3,39,,71,0,146,,0,186,"2,265,220"
,Total all ages,"48,349","1,192","4,058",82,68,166,876,782,"2,898",354,24,"3,539",207,471,4,694,683,959,30,51,"6,628",1,135,316,"2,563",,891,0,"25,927",,0,,
ALASKA,Under 18,416,60,78,0,21,4,35,45,23,8,2,114,1,0,0,0,43,3,0,8,26,0,0,16,18,,6,0,43,,0,28,"371,959"
,Total all ages,"10,525",801,609,14,84,22,681,151,349,96,13,"1,899",7,19,3,11,323,113,0,45,447,0,32,"1,529",130,,405,1,"4,151",,0,,
ARIZONA,Under 18,"7,301",355,842,12,18,63,262,147,597,77,21,"1,755",3,27,1,12,525,100,0,41,538,0,18,124,406,,684,0,"1,640",,230,67,"3,568,504"
,Total all ages,"90,161","3,619","9,573",103,126,363,"3,027","1,153","7,622",697,101,"11,505",194,610,54,314,"3,285",982,64,178,"9,457",0,351,"11,932","1,909",,"8,093",129,"27,682",,230,,
ARKANSAS,Under 18,"6,135",457,745,21,40,35,361,194,470,70,11,"1,469",2,10,0,148,334,118,1,15,719,0,3,43,99,,518,0,"1,282",,172,252,"2,857,932"
,Total all ages,"104,439","5,660","9,342",196,285,348,"4,831","1,653","6,961",660,68,"11,540",499,505,26,"1,663","1,688","1,139",55,98,"16,238",9,323,"5,125","1,036",,"2,311",214,"46,796",,172,,
CALIFORNIA5,Under 18,"5,267",283,207,5,5,72,201,33,126,41,7,285,0,6,0,29,88,232,1,12,229,0,0,30,69,,3,0,"3,737",,56,14,"2,861,998"
,Total all ages,"80,110","4,322","3,853",70,67,812,"3,373",910,"1,981",823,139,"8,565",162,451,22,"1,218","1,354","2,103",363,125,"11,629",11,6,"4,858",166,,97,322,"40,427",,56,,
COLORADO,Under 18,"9,006",600,"1,184",29,60,140,371,142,791,208,43,"1,436",7,47,8,24,725,289,0,85,974,0,13,210,564,,747,0,"1,937",,156,203,"5,678,716"
,Total all ages,"154,110","8,403","19,517",229,437,"1,164","6,573","2,430","12,741","4,044",302,"15,902",369,"1,638",72,981,"5,469","2,535",205,385,"10,203",2,"2,149","17,037","3,000",,"4,314",89,"61,684",,156,,
CONNECTICUT,Under 18,"3,523",196,615,9,13,90,84,82,313,208,12,830,3,29,3,65,175,158,0,26,125,0,13,25,9,,684,0,566,,1,107,"3,605,597"
,Total all ages,"69,831","2,346","7,356",111,129,517,"1,589",986,"5,654",669,47,"14,977",212,450,66,245,"1,602","1,181",32,267,"3,444",10,"2,063","6,133",67,,"8,489",109,"20,781",,1,,
DELAWARE,Under 18,"1,651",230,244,4,8,80,138,71,115,52,6,469,1,26,2,95,68,68,0,18,113,0,1,0,12,,70,0,229,,4,53,"1,001,629"
,Total all ages,"25,043","1,752","3,454",32,71,273,"1,376",447,"2,801",186,20,"5,475",98,952,79,344,874,424,10,106,"3,566",4,163,324,345,,936,105,"6,026",,4,,
"DISTRICT OF COLUMBIA5,6",Under 18,148,45,11,0,0,35,10,0,8,3,0,36,0,0,0,1,4,17,0,0,2,0,0,0,0,,7,0,25,,0,1,
,Total all ages,"2,002",209,80,1,0,107,101,1,69,9,1,441,1,1,0,14,73,60,0,30,103,0,3,5,233,,203,0,546,,0,,
"FLORIDA5,7",Under 18,19,3,3,0,0,2,1,0,2,1,0,7,0,0,0,1,0,0,0,0,0,0,0,0,0,,0,0,4,,1,2,
,Total all ages,927,49,115,0,5,17,27,10,92,13,0,199,5,16,1,21,13,21,0,0,104,0,11,30,1,,15,2,323,,1,,
GEORGIA,Under 18,"9,286",768,"1,580",40,57,168,503,170,"1,055",338,17,"1,985",26,98,1,196,375,364,0,109,907,0,29,140,87,,638,0,"1,854",,129,380,"7,950,625"
,Total all ages,"157,237","8,440","15,401",383,361,798,"6,898","1,745","12,264","1,276",116,"17,511",887,"3,139",29,"1,763","3,449","2,753",175,548,"27,358",8,972,"18,504","1,531",,"7,298","1,207","46,135",,129,,
HAWAII,Under 18,971,78,77,0,18,27,33,15,52,9,1,319,0,0,0,19,3,4,0,19,69,0,0,17,24,,17,0,288,,37,2,"1,059,012"
,Total all ages,"27,741",666,"1,447",8,76,149,433,204,"1,141",73,29,"3,754",60,170,7,488,83,94,30,95,985,38,12,"2,471","1,365",,593,337,"15,009",,37,,
IDAHO,Under 18,"4,393",150,526,2,32,6,110,87,367,57,15,573,1,26,2,12,208,75,0,46,663,0,10,88,162,,214,0,"1,539",,98,80,"1,661,136"
,Total all ages,"46,857","1,621","2,859",25,127,62,"1,407",565,"2,078",181,35,"3,442",75,390,34,166,710,324,15,194,"9,686",0,457,"7,017",992,,"1,283",5,"17,489",,98,,
ILLINOIS5,Under 18,"2,729",163,428,2,3,34,124,73,312,38,5,679,4,47,3,25,189,133,0,5,319,0,3,25,77,,199,0,356,,74,118,"2,407,151"
,Total all ages,"38,027","1,761","4,208",43,72,184,"1,462",568,"3,423",164,53,"7,414",104,712,35,141,"1,649","1,284",11,33,"4,101",0,156,"4,388",463,,"1,144",1,"10,348",,74,,
INDIANA,Under 18,"6,641",538,889,20,28,173,317,107,563,208,11,"1,466",7,23,2,47,162,244,0,48,640,0,4,38,248,,256,0,"1,933",,96,129,"4,671,815"
,Total all ages,"100,461","4,338","9,430",140,170,623,"3,405","1,101","7,121","1,143",65,"12,264",214,750,78,483,564,"3,201",81,313,"17,532",3,347,"11,840","1,145",,"2,308",3,"35,471",,96,,
IOWA,Under 18,"6,490",476,"1,302",7,79,67,323,199,827,253,23,"1,755",14,60,6,74,528,96,1,18,726,0,3,78,357,,162,0,833,,1,178,"2,825,401"
,Total all ages,"68,342","4,868","7,780",41,263,218,"4,346","1,046","5,824",824,86,"8,587",275,756,62,288,"1,951",740,23,98,"8,378",7,456,"8,841","1,509",,662,6,"23,054",,1,,
KANSAS,Under 18,"3,629",152,522,6,22,12,112,64,386,51,21,850,4,11,0,24,247,19,1,17,623,0,10,92,254,,132,0,671,,0,192,"1,850,993"
,Total all ages,"50,774","1,895","3,965",45,97,105,"1,648",448,"3,160",305,52,"6,798",111,270,25,431,"1,593",352,37,106,"8,668",0,185,"5,766","1,215",,"1,118",0,"18,239",,0,,
KENTUCKY,Under 18,"2,520",282,429,26,27,120,109,125,199,98,7,610,6,14,1,351,100,83,0,21,266,0,2,8,0,,23,0,324,,0,426,"4,505,498"
,Total all ages,"177,379","3,428","9,500",219,252,607,"2,350","2,123","6,534",778,65,"11,215",506,"1,057",177,"2,630","1,302",704,15,214,"20,758",8,"3,990","12,426",20,,"3,307",17,"106,105",,0,,
LOUISIANA,Under 18,"8,115",466,"1,207",36,16,52,362,344,688,166,9,"1,712",3,12,0,160,289,285,1,34,675,2,1,6,55,,"1,535",0,"1,552",,120,113,"3,042,729"
,Total all ages,"72,217","5,727","12,423",213,141,295,"5,078","2,204","9,353",823,43,"11,605",197,348,67,"1,504","2,301","1,937",141,198,"16,284",47,297,"2,261",655,,"3,249",7,"12,849",,120,,
MAINE,Under 18,"1,556",57,325,3,17,15,22,69,192,43,21,363,0,6,1,5,185,4,0,19,106,0,1,23,166,,49,0,235,,11,127,"1,360,671"
,Total all ages,"29,060",686,"3,660",16,69,72,529,352,"3,047",203,58,"4,308",68,222,15,100,948,127,5,70,"2,807",1,87,"4,318",623,,804,1,"10,199",,11,,
MARYLAND5,Under 18,"2,488",291,447,8,31,128,124,79,241,121,6,812,2,7,3,18,197,63,0,27,120,0,1,4,43,,56,0,395,,2,16,"2,189,086"
,Total all ages,"28,784","2,298","3,247",66,148,511,"1,573",605,"2,247",364,31,"3,325",55,162,52,131,532,624,45,100,"2,557",0,178,"3,312",305,,580,14,"11,265",,2,,
MASSACHUSETTS,Under 18,"3,561",463,448,3,18,63,379,138,207,77,26,"1,118",4,19,0,103,215,141,0,33,59,0,12,17,75,,103,0,751,,0,368,"6,929,534"
,Total all ages,"81,377","7,168","6,189",61,283,582,"6,242","1,242","4,347",523,77,"16,333",201,648,35,681,"1,980","1,298",151,294,"5,361",38,835,"7,422",679,,"2,172",8,"29,884",,0,,
MICHIGAN,Under 18,"7,136",740,"1,061",15,114,112,499,234,574,226,27,"1,955",1,62,26,207,443,426,4,91,237,0,4,118,102,,208,0,"1,339",,112,611,"9,780,531"
,Total all ages,"155,832","12,718","13,261",379,852,887,"10,600","2,090","9,716","1,259",196,"25,996",283,"1,626",623,"2,159","2,791","10,148",104,561,"12,411",43,774,"21,397","2,803",,"3,344",34,"44,644",,112,,
MINNESOTA,Under 18,"11,084",689,"1,223",9,91,256,333,149,901,153,20,"1,426",11,83,14,207,311,240,0,60,652,3,1,192,"2,299",,"1,308",0,"1,830",,535,361,"5,590,467"
,Total all ages,"126,675","5,339","15,329",134,520,803,"3,882","1,759","12,530",913,127,"12,479",650,"2,396",64,"2,050","2,230","2,426",71,448,"13,693",14,148,"19,198","6,431",,"6,631","2,401","34,140",,535,,
MISSISSIPPI,Under 18,"2,083",113,284,12,13,46,42,63,184,37,0,303,2,10,8,44,146,104,0,6,188,0,34,46,22,,301,0,446,,26,130,"1,663,780"
,Total all ages,"49,859","1,070","4,162",82,81,143,764,594,"3,268",275,25,"4,480",118,471,217,582,675,869,17,53,"8,271",8,559,"6,928",288,,"3,437",17,"17,611",,26,,
MISSOURI,Under 18,"8,256",790,"1,093",17,56,170,547,183,670,224,16,"1,591",8,39,5,219,436,158,0,40,857,0,17,129,311,,690,0,"1,553",,320,326,"5,208,452"
,Total all ages,"133,059","8,104","15,138",254,344,860,"6,646","2,204","10,829","1,965",140,"14,790",738,"1,276",173,"2,076","3,267","2,224",71,213,"23,624",13,820,"14,567","2,240",,"4,924",140,"38,341",,320,,
MONTANA,Under 18,"3,085",122,403,1,8,16,97,29,311,45,18,520,3,4,0,12,175,8,0,18,63,0,67,90,390,,312,0,707,,191,98,"1,043,486"
,Total all ages,"26,923","1,762","3,734",22,69,103,"1,568",298,"3,067",318,51,"4,820",92,147,28,230,848,52,3,122,"1,676",0,449,"4,037","1,001",,"2,177",22,"5,532",,191,,
NEBRASKA,Under 18,"4,424",121,588,2,16,29,74,68,409,94,17,"1,007",1,43,9,16,424,35,0,40,610,0,218,60,298,,97,0,765,,92,131,"1,315,324"
,Total all ages,"38,036","1,669","2,870",20,119,90,"1,440",245,"2,369",207,49,"4,255",141,411,21,233,"1,328",481,29,119,"7,242",2,542,"4,767","1,873",,"1,530",620,"9,811",,92,,
NEVADA,Under 18,"5,048",496,458,11,67,225,193,100,282,69,7,"1,764",3,20,3,110,210,137,42,49,428,4,3,60,251,,195,0,504,,311,35,"3,095,335"
,Total all ages,"102,790","5,701","7,283",159,315,"1,147","4,080","1,751","4,704",702,126,"20,439",263,955,164,"1,837","2,120","2,985","1,988",343,"8,576",40,634,"11,023","1,285",,"1,971",327,"34,545",,311,,
NEW HAMPSHIRE,Under 18,"1,915",35,115,0,12,3,20,25,82,8,0,359,0,10,3,13,138,4,0,17,145,0,5,24,198,,54,0,793,,2,181,"1,204,875"
,Total all ages,"32,486",513,"2,094",6,65,78,364,178,"1,782",121,13,"3,888",124,326,46,326,945,191,1,115,"3,594",1,135,"3,596","1,491",,732,98,"14,268",,2,,
NEW JERSEY5,Under 18,705,156,81,0,4,90,62,12,51,15,3,53,0,1,0,140,8,101,1,2,33,0,0,6,2,,30,0,90,,1,64,"1,650,076"
,Total all ages,"15,032","1,346","1,616",39,37,274,996,262,"1,237",102,15,"2,532",54,90,22,428,367,825,77,35,"1,764",2,322,"1,680",36,,423,24,"3,388",,1,,
NEW MEXICO5,Under 18,459,63,40,2,1,7,53,11,19,10,0,128,1,0,1,8,15,13,0,2,38,0,5,19,18,,39,0,69,,0,24,"985,537"
,Total all ages,"25,409","2,028","1,921",30,19,151,"1,828",389,"1,335",178,19,"5,756",20,99,54,542,"1,045",316,12,20,"1,615",0,650,"2,414",685,,673,45,"7,514",,0,,
NEW YORK5,Under 18,"1,610",185,392,2,22,63,98,65,216,99,12,291,2,5,1,50,300,73,0,41,29,0,0,11,17,,17,0,196,,0,93,"3,453,145"
,Total all ages,"40,069","2,428","8,306",41,151,435,"1,801","1,032","6,673",520,81,"5,796",230,276,16,465,"3,207",829,14,214,"3,502",7,39,"3,589",72,,551,15,"10,513",,0,,
NORTH CAROLINA,Under 18,"7,249",619,"1,376",40,32,233,314,358,739,262,17,"1,593",6,65,19,328,318,299,0,19,570,0,4,101,55,,413,0,"1,434",,30,312,"9,268,170"
,Total all ages,"225,175","10,186","22,604",561,235,"1,722","7,668","5,022","16,041","1,315",226,"21,992",481,"2,317",591,"3,474","2,845","4,167",83,419,"34,780",24,"2,871","13,365","1,412",,"2,957",214,"100,363",,30,,
NORTH DAKOTA,Under 18,"4,047",68,396,0,14,2,52,42,301,50,3,625,0,26,1,36,194,16,0,24,447,0,210,32,334,,654,0,905,,79,100,"766,153"
,Total all ages,"28,662",745,"2,470",9,50,54,632,322,"1,890",225,33,"2,972",108,538,28,343,510,247,6,86,"4,120",2,330,"4,014","2,068",,"1,300",0,"8,696",,79,,
OHIO,Under 18,"12,924",660,"1,357",28,42,254,336,228,830,258,41,"3,201",8,74,0,327,602,346,0,45,590,0,3,49,386,,"1,145",0,"3,928",,203,356,"8,743,840"
,Total all ages,"136,529","6,265","16,645",268,298,"1,116","4,583","2,348","13,234",935,128,"27,807",156,973,4,"1,546","3,017","5,353",337,291,"17,839",6,412,"9,891","3,305",,"6,908",5,"35,566",,203,,
OKLAHOMA,Under 18,"4,423",296,689,21,16,50,209,162,357,162,8,657,2,14,6,91,199,161,2,10,655,0,1,53,49,,363,0,964,,211,428,"3,789,679"
,Total all ages,"73,965","3,912","10,602",132,120,341,"3,319","2,122","6,931","1,406",143,"7,948",234,652,129,"1,489","1,520","2,653",180,131,"11,357",6,291,"8,526",645,,"1,675",92,"21,712",,211,,
OREGON,Under 18,"3,554",298,571,4,27,75,192,73,393,87,18,666,2,22,1,18,340,58,0,53,345,0,1,92,217,,262,0,538,,70,149,"3,867,155"
,Total all ages,"91,146","5,239","13,488",73,210,884,"4,072","1,832","9,033","2,168",455,"9,638",343,"1,137",40,792,"4,010","2,140",213,343,"4,110",1,191,"11,527",868,,"4,511",12,"32,473",,70,,
PENNSYLVANIA5,Under 18,404,12,56,0,2,6,4,15,36,3,2,110,2,3,0,5,39,4,0,1,26,0,0,4,8,,68,0,59,,7,24,"408,819"
,Total all ages,"6,092",209,739,4,14,38,153,80,626,26,7,967,25,102,5,22,161,100,1,12,820,1,28,"1,144",40,,467,21,"1,221",,7,,
RHODE ISLAND,Under 18,"1,539",89,173,0,13,17,59,55,61,44,13,267,4,5,1,32,143,80,0,2,78,0,20,9,61,,259,0,304,,12,46,"1,094,546"
,Total all ages,"21,800",873,"1,550",14,80,86,693,350,"1,007",164,29,"3,366",117,252,49,264,879,477,4,62,"1,637",1,91,"2,799",402,,"1,545",0,"7,420",,12,,
SOUTH CAROLINA,Under 18,"6,970",536,980,35,60,147,294,172,686,114,8,"1,935",6,42,6,133,325,425,0,41,987,0,16,25,151,,476,0,870,,16,178,"4,731,543"
,Total all ages,"119,278","6,834","15,932",444,424,812,"5,154","2,346","12,389","1,082",115,"14,954",737,"2,086",187,"2,214","2,836","3,441",60,259,"25,233",49,812,"7,037","3,103",,"6,472",375,"26,641",,16,,
SOUTH DAKOTA,Under 18,"3,542",106,227,0,7,7,92,20,153,43,11,452,0,17,3,21,108,88,3,13,449,0,220,107,306,,559,0,843,,20,61,"679,305"
,Total all ages,"44,544","1,175","1,194",9,37,44,"1,085",191,733,248,22,"3,969",128,550,11,152,352,321,8,41,"5,402",3,812,"6,143","1,405",,"3,390",598,"18,870",,20,,
TENNESSEE,Under 18,"14,622",989,"1,746",33,53,252,651,256,949,515,26,"3,506",17,96,22,156,696,466,0,98,"1,792",1,18,100,221,,918,0,"3,393",,387,273,"6,716,048"
,Total all ages,"255,863","13,174","25,096",380,361,"1,190","11,243","3,748","17,586","3,587",175,"27,343","1,376","3,434",399,"1,931","4,117","3,486",363,481,"41,579",39,"2,129","17,916","1,928",,"4,379",4,"106,302",,387,,
TEXAS,Under 18,"33,195","3,030","4,498",132,294,921,"1,683",704,"2,866",870,58,"8,090",70,206,18,95,922,"1,079",5,158,"4,743",1,111,330,543,,707,0,"8,133",,456,922,"28,232,533"
,Total all ages,"524,958","30,998","51,046","1,108","1,758","4,616","23,516","7,241","36,586","6,681",538,"80,235","2,045","5,486",211,"1,015","7,216","16,960","1,918",865,"83,839",152,"2,140","62,233","4,992",,"5,474",710,"166,967",,456,,
UTAH,Under 18,"7,520",293,"1,380",8,96,31,158,73,"1,197",81,29,975,4,36,3,61,637,80,1,118,"1,358",0,21,89,403,,189,0,"1,585",,287,105,"2,934,855"
,Total all ages,"82,552","2,710","10,266",55,358,319,"1,978",723,"9,083",374,86,"8,459",402,644,17,938,"2,907",798,50,414,"13,712",0,"1,457","7,491","2,426",,"2,068",13,"27,493",,287,,
VERMONT,Under 18,523,40,45,0,9,0,31,5,24,11,5,136,3,8,0,2,153,2,0,3,15,0,4,8,20,,33,0,51,,0,78,"641,185"
,Total all ages,"9,523",808,"1,205",9,72,34,693,189,915,76,25,"1,449",34,138,36,80,482,30,5,24,757,0,160,"1,346",32,,445,0,"2,492",,0,,
VIRGINIA,Under 18,"6,259",458,930,13,65,137,243,163,613,126,28,"1,305",6,54,20,112,307,248,0,54,308,0,40,56,139,,54,0,"1,925",,243,340,"8,599,971"
,Total all ages,"186,270","6,693","17,681",379,483,957,"4,874","1,583","14,925","1,010",163,"27,361",810,"3,699",627,734,"3,166","4,474",253,557,"14,568",12,"1,118","16,624","1,152",,"2,358",8,"84,132",,243,,
WASHINGTON,Under 18,"4,186",537,628,11,71,146,309,182,350,80,16,"1,506",0,7,0,55,375,123,0,54,94,0,4,118,100,,54,0,528,,3,211,"7,459,711"
,Total all ages,"117,132","7,935","16,892",165,463,"1,429","5,878","4,208","11,299","1,124",261,"21,887",287,634,16,"2,839","4,407","1,438",133,409,"1,921",2,127,"20,399",439,,"1,432",148,"35,784",,3,,
WEST VIRGINIA,Under 18,438,31,35,2,3,2,24,5,21,7,2,153,0,0,1,2,19,6,0,3,57,0,0,6,7,,15,0,103,,0,122,"1,210,067"
,Total all ages,"26,845","1,196","3,109",32,77,41,"1,046",526,"2,362",176,45,"3,156",107,156,13,321,357,315,40,54,"5,943",0,143,"2,213",186,,545,17,"8,974",,0,,
WISCONSIN,Under 18,"19,852",769,"1,921",21,209,159,380,200,"1,248",442,31,"1,793",13,91,46,454,"1,091",322,3,288,"1,613",0,172,144,912,,"3,900",0,"5,559",,761,267,"5,238,884"
,Total all ages,"157,256","6,777","14,429",187,834,711,"5,045","1,250","11,896","1,165",118,"14,373",388,"1,312",266,"1,106","4,360","3,227",231,878,"19,456",1,"1,399","17,052","5,087",,"20,713",207,"45,232",,761,,
WYOMING,Under 18,"1,746",28,175,1,4,1,22,13,130,29,3,274,1,4,0,0,85,12,0,4,247,0,7,12,248,,112,0,475,,62,44,"427,908"
,Total all ages,"12,739",325,970,15,37,12,261,115,733,109,13,"1,455",12,35,0,10,289,40,4,26,"2,460",0,81,"1,969",890,,668,3,"3,440",,62,,
1 Does not include traffic arrests.,,,,,,,,,,,,,,,,,,,,,,,,,,,,,,,,,,
"2 Violent crimes in this table are offenses of murder and nonnegligent manslaughter, rape, robbery, and aggravated assault. Property crimes are offenses of burglary, larceny-theft, motor vehicle theft, and arson.",,,,,,,,,,,,,,,,,,,,,,,,,,, ,,,,,,,
"3 Drunkenness was previously reported as a separate offense in NIBRS; however, starting in 2021, it is included with All Other Offenses (except traffic).",,,,,,,,,,,,,,,,,,,,,,,,,,,,,,,,,,
"4 The offense of suspicion was previously collected in the Summary Reporting System; however, it is not collected in NIBRS.
",,,,,,,,,,,,,,,,,,,,,,,,,,,,,,,,,,
"5 Limited data for 2021 were available for California, the District of Columbia, Florida, Illinois, Maryland, New Jersey, New Mexico, New York, and Pennsylvania. ",,,,,,,,,,,,,,,,,,,,,,,,,,,,,,,,,,
6 Includes arrests reported by the Metro Transit Police. This agency has no population associated with it.,,,,,,,,,,,,,,,,,,,,,,,,,,,,,,,,,,
7 Includes arrests reported by the Miccosukee and Seminole Tribes. These agencies have no population associated with them.,,,,,,,,,,,,,,,,,,,,,,,,,,,,,,,,,,
"NOTE:  Because the number of agencies submitting arrest data varies from year to year, users are cautioned about making direct comparisons between 2021 arrest totals and those published in previous years' editions of Crime in the United States. Further, arrest figures may vary widely from state to state because some Part II crimes are not considered crimes in some states.",,,,,,,,,,,,,,,,,,,,,,,,,,,,,,,,,,
,,,,,,,,,,,,,,,,,,,,,,,,,,,,,,,,,,
,,,,,,,,,,,,,,,,,,,,,,,,,,,,,,,,,,
,,,,,,,,,,,,,,,,,,,,,,,,,,,,,,,,,,
,,,,,,,,,,,,,,,,,,,,,,,,,,,,,,,,,,
,,,,,,,,,,,,,,,,,,,,,,,,,,,,,,,,,,
,,,,,,,,,,,,,,,,,,,,,,,,,,,,,,,,,,
,,,,,,,,,,,,,,,,,,,,,,,,,,,,,,,,,,
,,,,,,,,,,,,,,,,,,,,,,,,,,,,,,,,,,
,,,,,,,,,,,,,,,,,,,,,,,,,,,,,,,,,,
,,,,,,,,,,,,,,,,,,,,,,,,,,,,,,,,,,
,,,,,,,,,,,,,,,,,,,,,,,,,,,,,,,,,,
,,,,,,,,,,,,,,,,,,,,,,,,,,,,,,,,,,
,,,,,,,,,,,,,,,,,,,,,,,,,,,,,,,,,,
,,,,,,,,,,,,,,,,,,,,,,,,,,,,,,,,,,
,,,,,,,,,,,,,,,,,,,,,,,,,,,,,,,,,,
,,,,,,,,,,,,,,,,,,,,,,,,,,,,,,,,,,
,,,,,,,,,,,,,,,,,,,,,,,,,,,,,,,,,,
,,,,,,,,,,,,,,,,,,,,,,,,,,,,,,,,,,
,,,,,,,,,,,,,,,,,,,,,,,,,,,,,,,,,,
,,,,,,,,,,,,,,,,,,,,,,,,,,,,,,,,,,
,,,,,,,,,,,,,,,,,,,,,,,,,,,,,,,,,,
,,,,,,,,,,,,,,,,,,,,,,,,,,,,,,,,,,
,,,,,,,,,,,,,,,,,,,,,,,,,,,,,,,,,,
,,,,,,,,,,,,,,,,,,,,,,,,,,,,,,,,,,
,,,,,,,,,,,,,,,,,,,,,,,,,,,,,,,,,,
,,,,,,,,,,,,,,,,,,,,,,,,,,,,,,,,,,
,,,,,,,,,,,,,,,,,,,,,,,,,,,,,,,,,,
,,,,,,,,,,,,,,,,,,,,,,,,,,,,,,,,,,
,,,,,,,,,,,,,,,,,,,,,,,,,,,,,,,,,,
,,,,,,,,,,,,,,,,,,,,,,,,,,,,,,,,,,
,,,,,,,,,,,,,,,,,,,,,,,,,,,,,,,,,,
,,,,,,,,,,,,,,,,,,,,,,,,,,,,,,,,,,
,,,,,,,,,,,,,,,,,,,,,,,,,,,,,,,,,,
,,,,,,,,,,,,,,,,,,,,,,,,,,,,,,,,,,
,,,,,,,,,,,,,,,,,,,,,,,,,,,,,,,,,,
,,,,,,,,,,,,,,,,,,,,,,,,,,,,,,,,,,
,,,,,,,,,,,,,,,,,,,,,,,,,,,,,,,,,,
,,,,,,,,,,,,,,,,,,,,,,,,,,,,,,,,,,
,,,,,,,,,,,,,,,,,,,,,,,,,,,,,,,,,,
,,,,,,,,,,,,,,,,,,,,,,,,,,,,,,,,,,
,,,,,,,,,,,,,,,,,,,,,,,,,,,,,,,,,,
,,,,,,,,,,,,,,,,,,,,,,,,,,,,,,,,,,
,,,,,,,,,,,,,,,,,,,,,,,,,,,,,,,,,,
,,,,,,,,,,,,,,,,,,,,,,,,,,,,,,,,,,
,,,,,,,,,,,,,,,,,,,,,,,,,,,,,,,,,,
,,,,,,,,,,,,,,,,,,,,,,,,,,,,,,,,,,
,,,,,,,,,,,,,,,,,,,,,,,,,,,,,,,,,,
,,,,,,,,,,,,,,,,,,,,,,,,,,,,,,,,,,
,,,,,,,,,,,,,,,,,,,,,,,,,,,,,,,,,,
,,,,,,,,,,,,,,,,,,,,,,,,,,,,,,,,,,
,,,,,,,,,,,,,,,,,,,,,,,,,,,,,,,,,,
,,,,,,,,,,,,,,,,,,,,,,,,,,,,,,,,,,
,,,,,,,,,,,,,,,,,,,,,,,,,,,,,,,,,,
,,,,,,,,,,,,,,,,,,,,,,,,,,,,,,,,,,
,,,,,,,,,,,,,,,,,,,,,,,,,,,,,,,,,,
